<?xml version='1.0' encoding='utf-8'?>
<widget id="com.hybrid.myapp" version="0.0.1" xmlns="http://www.w3.org/ns/widgets" xmlns:cdv="http://cordova.apache.org/ns/1.0">

  <name>HelloCordova</name>
  <description>
      A sample Apache Cordova application that responds to the deviceready event.
  </description>
  <author email="dev@cordova.apache.org" href="http://cordova.io">
      Apache Cordova Team
  </author>
  <content src="index.html" />
  
  
<preference name="DisallowOverscroll" value="true"/>
<preference name="Fullscreen" value="true" />
<preference name="BackgroundColor" value="0xff0000ff"/>
<preference name="HideKeyboardFormAccessoryBar" value="true"/>
<preference name="Orientation" value="landscape" />

<!-- iOS only preferences -->
<preference name="EnableViewportScale" value="true"/>
<preference name="MediaPlaybackAllowsAirPlay" value="false"/>
<preference name="MediaPlaybackRequiresUserAction" value="true"/>
<preference name="AllowInlineMediaPlayback" value="true"/>
<preference name="BackupWebStorage" value="local"/>
<preference name="TopActivityIndicator" value="white"/>
<preference name="SuppressesIncrementalRendering" value="true"/>
<preference name="GapBetweenPages" value="0"/>
<preference name="PageLength" value="0"/>
<preference name="PaginationBreakingMode" value="page"/>
<preference name="PaginationMode" value="unpaginated"/>
<preference name="UIWebViewDecelerationSpeed" value="fast" />
<preference name="ErrorUrl" value="myErrorPage.html"/>
<preference name="OverrideUserAgent" value="Mozilla/5.0 My Browser" />
<preference name="AppendUserAgent" value="My Browser" />
<preference name="target-device" value="universal" />
<preference name="deployment-target" value="7.0" />
<preference name="CordovaWebViewEngine" value="CDVUIWebViewEngine" />
<preference name="CordovaDefaultWebViewEngine" value="CDVUIWebViewEngine" />
<preference name="SuppressesLongPressGesture" value="true" />
<preference name="Suppresses3DTouchGesture" value="true" />

<!-- Android only preferences -->
<preference name="KeepRunning" value="false"/>
<preference name="LoadUrlTimeoutValue" value="10000"/>
<preference name="InAppBrowserStorageEnabled" value="true"/>
<preference name="LoadingDialog" value="My Title,My Message"/>
<preference name="ErrorUrl" value="myErrorPage.html"/>
<preference name="ShowTitle" value="true"/>
<preference name="LogLevel" value="VERBOSE"/>
<preference name="AndroidLaunchMode" value="singleTop"/>
<preference name="DefaultVolumeStream" value="call" />
<preference name="OverrideUserAgent" value="Mozilla/5.0 My Browser" />
<preference name="AppendUserAgent" value="My Browser" />

<!-- Windows only preferences -->
<preference name="windows-target-version" value="8.1" />
<preference name="windows-phone-target-version" value="8.1" />
<preference name="WindowsDefaultUriPrefix" value="ms-appx://" />
<preference name="Windows.Mobile-MaxVersionTested" value="10.0.10031.0" />
<preference name="Windows.Universal-MinVersion" value="10.0.0.0" />
<preference name="WindowsStoreIdentityName" value="Cordova.Example.ApplicationDataSample" />
<preference name="WindowsStorePublisherName" value="CN=Contoso Corp, O=Contoso Corp, L=Redmond, S=Washington, C=US" />
<preference name="WindowsToastCapable" value="true" />
<preference name="uap-target-min-version" value="10.0.10586.0" />

<!-- OS X only preferences -->
<preference name="HideMousePointer" value="5"/>
<preference name="OSXLocalStoragePath" value="~/.myapp/database"/>
<preference name="WindowSize" value="800x400"/>
<preference name="EnableWebGL" value="true"/>

<!-- Here is how to specify the Device API for Android projects -->
<feature name="Device">
   <param name="android-package" value="org.apache.cordova.device.Device" />
</feature>

<!-- Here's how the element appears for iOS projects -->
<feature name="Device">
   <param name="ios-package" value="CDVDevice" />
   <param name="onload" value="true" />
</feature>

<!-- Here's how the element appears for OS X projects -->
<feature name="Device">
   <param name="osx-package" value="CDVDevice" />
   <param name="onload" value="true" />
</feature>



  
  
  
  
  
  <plugin name="cordova-plugin-whitelist" spec="1" />
  
  
  <access origin="*" />
  <allow-intent href="http://*/*" />
  <allow-intent href="tel:*" />
  <allow-intent href="https://*/*" />
  <allow-intent href="sms:*" />
  <allow-intent href="mailto:*" />
  <allow-intent href="geo:*" />
  <platform name="android">
      <allow-intent href="market:*" />
  </platform>
  <platform name="ios">
      <allow-intent href="itms:*" />
      <allow-intent href="itms-apps:*" />
  </platform>
</widget>